reward_today,future_reward,delay,key_resp.keys,k,,,
15,35,13,l,0.102564103,,,
78,80,162,t,0.000158278,,,
40,55,62,l,0.006048387,,,
67,75,119,l,0.001003386,,,
49,60,89,t,0.002522357,,0.00159088,0.00159088
11,30,7,l,0.246753247,,,
27,50,21,t,0.040564374,,,
